event_id,mode,finding_id,observation,refs,supported_yes_no_uncertain,reviewer_notes
slac-001,grid,F-001,"Three node reports (rf, ltu, dump) for event slac-001 all assess the data as suspicious. The ltu report identifies a sustained, high-significance position excursion at BPMS:LTUH:250:X (peak robust z ≈ 62.5, 42 consecutive samples) with a concurrent sustained charge disturbance at BPMS:LTUH:450:TMIT (peak robust z ≈ 78.7, 301 low-charge samples), while the position excursion at BPMS:LTUH:450:X coincides with low-charge masking and is likely a sentinel artifact. The dump report shows coincident, sustained low-charge disturbances at BPMS:DMPH:502:TMIT and BPMS:DMPH:693:TMIT (~300 consecutive samples, shared onset), with position excursions consistent with masked low-charge sentinel behavior. The rf report shows a ~99.96% peak RF amplitude deviation from a 69.12 baseline with only 20 valid updates across 725 samples (705 NaN, i.e., no new update). Onset timestamps from all three instruments fall within the candidate window, with pairwise differences of ~2.5 s (rf later than ltu/dump) and ~8 ms between ltu and dump. No RF phase data or protein data are available. Only aggregate node reports are available; unique RF cause cannot be established from these summaries.",T-5b9daa7a0c67;T-7d5df38f9fad;T-062709e28882;T-3a2fadf861bc;T-15af068318a7;T-30d4d5591764;T-f666597a478b;T-0502105af3eb;T-2b3057db7872,,
slac-001,grid,F-002,"LTU data show a sustained, high-significance position excursion at BPMS:LTUH:250:X (peak robust z ≈ 62.5, 42 consecutive samples) with a concurrent sustained charge disturbance at BPMS:LTUH:250:TMIT (peak robust z ≈ 5.4). The LTUH:450:X excursion coincides with low-charge masking (~300 samples) and is consistent with a sentinel artifact. Dump data show a sustained, coincident low-charge disturbance across BPMS:DMPH:502:TMIT (peak robust z ≈ 43.4) and BPMS:DMPH:693:TMIT (peak robust z ≈ 5.1) with ~301 consecutive low-charge samples, while their position channels show sentinel-consistent excursions. RF data for the candidate station show sparse amplitude updates (20 valid updates across 725 samples) with a ~99.96% peak deviation from a 69.12 baseline, crossing the exploratory threshold. No RF phase data are available. Onsets for all instruments fall within the candidate window, but the RF onset trails the beam onsets by approximately 2.5 seconds.",T-5b9daa7a0c67;T-7d5df38f9fad;T-062709e28882;T-3a2fadf861bc;T-15af068318a7;T-30d4d5591764;T-f666597a478b;T-0502105af3eb;T-2b3057db7872,,
slac-001,baseline,F-001,"KLYS:LI29:11:AMPL dropped from a baseline of ~69.12 to 0.024 (99.96% deviation) at the candidate time 1604277203201922048, recovering to ~69.09 about 5 seconds later. Beam diagnostics show a sustained disturbance: three TMIT channels (DMPH:502, DMPH:693, LTUH:450) register sustained low charge, and LTUH:250:X shows a sustained position excursion (z=62.5, 42 consecutive samples) with valid charge. Beam onsets precede the candidate RF update timestamp. Among 82 RF columns examined, only KLYS:LI29:11 was flagged as suspicious. No other neighboring RF station showed anomalous amplitude behavior in the available columns.",T-99c3f5f383b3;T-37ec9e46fff8;T-f507fbefd015;T-adc89116ae80;T-2c31c73f97c7;T-095069d88481,,
slac-002,baseline,F-001,"KLYS:LI28:11 recorded an amplitude drop to 32.93 (38.8% below baseline ~53.83) at the candidate boundary 1604278211445212672. Four BPM position channels (BPMS:DMPH:502:Y, BPMS:DMPH:693:Y, BPMS:LTUH:250:X, BPMS:LTUH:450:X) show sustained high-Z deviations (peak robust Z 16.6–38.9, 11–17 consecutive samples) with valid charge, all sharing onset at 1604278210729114201 — inside the candidate interval and ~0.716 s before the recorded RF update. TMIT channels show no sustained charge disturbance. Among 82 available RF columns, only KLYS:LI28:11 is flagged as suspicious.",T-d06ccad4971d;T-a6422d484cad;T-248ade7edd3b;T-dde7d73f7a73;T-db3071bd8aec;T-287eeacb1910,,
slac-002,grid,F-001,"Aggregate node reports from dump, ltu, and rf instruments for event slac-002. Dump report: BPM Y-position channels BPMS:DMPH:502:Y (peak robust-z 26.4, 15 consecutive disturbed samples) and BPMS:DMPH:693:Y (peak robust-z 16.6, 11 consecutive disturbed samples) show sustained disturbance with onset 1604278210729114201, no charge disturbance on corresponding TMIT channels (low charge samples=0). LTU report: BPM X-position channels BPMS:LTUH:250:X (peak robust-z 38.9, 17 consecutive disturbed samples) and BPMS:LTUH:450:X (peak robust-z 37.7, 17 consecutive disturbed samples) show sustained disturbance at same onset, no charge disturbance. Both reports have adequate sample quality (2075 samples, no nonmonotonic/duplicate/nonfinite, fraction 120 Hz=1.0). RF report: single suspicious station with large amplitude deviation (peak 38.8% from baseline 53.83), onset 1604278211445212672, but extremely sparse updates (25 valid of 813 samples, 65800 nonfinite values, fraction 120 Hz ~0.001), one neighbor also flagged suspicious out of 82 columns. RF onset is ~716 ms later than the beam onset; beam disturbances precede the recorded RF excursion within the candidate window.",T-5949bba5f01d;T-d774cfde151b;T-5f9db62001fd;T-3b0d0b4af5fd;T-8159361f6112;T-91a8c90efbd4;T-d04eeb5cdd75;T-ad09c2467ff4;T-03a26ceedc09,,
slac-002,grid,F-002,"Aggregate evidence from dump, ltu, and rf instruments for event slac-002. The dump instrument reports sustained beam-position disturbances on BPMS:DMPH:502:Y (peak robust-z 26.44, 15 consecutive samples) and BPMS:DMPH:693:Y (peak robust-z 16.59, 11 consecutive samples) with no charge disturbance on corresponding TMIT channels. The ltu instrument reports sustained disturbances on BPMS:LTUH:250:X (peak robust-z 38.89, 17 consecutive samples) and BPMS:LTUH:450:X (peak robust-z 37.69, 17 consecutive samples) with no charge disturbance. Both position disturbances share the same onset timestamp of 1604278210729114201 ns. The rf instrument reports an amplitude excursion of 38.82% deviation from a baseline of 53.83, with onset at 1604278211445212672 ns — approximately 716 ms after the beam-position onsets. RF data is extremely sparse: only 25 valid updates out of 813 samples, with 65,800 non-finite values and a max gap of 2.31 s. No phase data is available. The RF amplitude excursion and beam disturbances both fall within the candidate window, but the temporal offset and lack of phase or direct station-to-beam correlation evidence preclude causal attribution.",T-5949bba5f01d;T-d774cfde151b;T-5f9db62001fd;T-3b0d0b4af5fd;T-8159361f6112;T-91a8c90efbd4;T-d04eeb5cdd75;T-ad09c2467ff4;T-03a26ceedc09,,
slac-003,grid,F-001,"Event slac-003: RF node reports a suspicious ~2.9% peak amplitude deviation from baseline (75.44) at station KLYS:LI22:61:AMPL, but with only 11 valid updates out of 821 samples and extensive non-finite values (66,449), temporal resolution is severely limited. The RF onset is recorded at 1604275937439720192 ns, within the candidate window. Dump and LTU nodes both report adequate-quality beam data with no sustained disturbance detected. All BPM charge channels (DMPH:502, DMPH:693, LTUH:250, LTUH:450) show no low-charge or invalid-position samples. Peak robust z-scores range from 2.24 to 4.43 across BPM channels but none meet sustained-disturbance criteria (no consecutive exceedances, sustained=0 across all channels). The RF amplitude excursion is isolated and not corroborated by beam-position or charge evidence.",T-0bd195308dbb;T-057af1062ffa;T-29701261142d;T-e6b23c8cf229;T-02451032fd43;T-a044dea38e7d;T-5dcf1105ab32;T-4ebd776edf66;T-1485fb2357f0,,
slac-003,grid,F-002,"RF amplitude shows a ~2.9% peak deviation from baseline flagged as suspicious, but only 11 of 821 samples contain valid updates, with extensive non-finite values (66,449). Both LTU and dump beam instruments report adequate quality with no sustained beam disturbance or charge anomaly detected. Isolated transient z-scores across all BPM channels (range ~2.2–4.4) do not meet sustained-detection criteria. The RF amplitude excursion is present but sparse, and no beam instrument corroborates a sustained disturbance.",T-0bd195308dbb;T-057af1062ffa;T-29701261142d;T-e6b23c8cf229;T-02451032fd43;T-a044dea38e7d;T-5dcf1105ab32;T-4ebd776edf66;T-1485fb2357f0,,
slac-004,baseline,F-001,"Candidate station KLYS:LI21:81 exhibited a modest RF amplitude deviation from its time-weighted baseline median of 75.44 to 74.37 at the candidate time (≈1.4% drop), recovering to 75.42 about 5 s later (T-593cd4302f77). Only three finite RF updates exist across the ±215 s analysis window; 98.3% of rows carry no update (T-593cd4302f77). All eight BPM channels (four TMIT, two X, two Y across DMPH:502, DMPH:693, LTUH:250, LTUH:450) are charge-valid with zero low-charge or invalid-position samples (T-7cbed08e052d). No channel triggered the sustained-disturbance heuristic; peak z-scores span 2.5–4.3, all below the 6-sigma exploratory threshold, and longest_consecutive_samples is zero for every channel (T-ae63163bd754). The neighbors sweep across 82 RF columns flagged only LI21:81 as suspicious (T-c536337e82e5).",T-74a33b68e376;T-593cd4302f77;T-ae63163bd754;T-7cbed08e052d;T-359893eae550;T-c536337e82e5,,
slac-004,grid,F-001,"RF aggregate flagged suspicious: amplitude deviated 1.42% from a 75.44 baseline with recorded onset_ns 1604275977433064192 (the candidate window end), based on only 13 valid updates out of 769 samples (756 no-update; 62237 nonfinite values). Both beam instruments (LTU, dump) report adequate 120 Hz quality and no sustained disturbance across all eight BPM channels; transient robust-z peaks of 2.50-4.29 were never consecutive or sustained. Charge-valid beam evidence does not corroborate a sustained beam disturbance, and the RF excursion alone cannot establish one or a unique cause.",T-dd3e63423b75;T-278f4560d38b;T-57eeb63539f8;T-04c81df51ee4;T-5fd0c4af8fad;T-bd2a01b62c59;T-2498062057ba;T-558b4d7cab63;T-280c6c1349e2,,
slac-004,grid,F-002,"Aggregate node reports for event slac-004 show an RF amplitude excursion (peak deviation ~1.42% from baseline 75.44) flagged as suspicious by the RF instrument, while both the dump and LTU beam monitors report normal readings with no sustained disturbance across eight BPM channels. The RF data is sparse (13 valid updates, 756 no-update counts) with ~62k non-finite values. Beam channels show transient peaks above baseline but no consecutive (sustained) samples meeting the detection threshold. The RF onset falls within the candidate window but no beam instrument recorded a corresponding disturbance onset.",T-dd3e63423b75;T-278f4560d38b;T-57eeb63539f8;T-04c81df51ee4;T-5fd0c4af8fad;T-bd2a01b62c59;T-2498062057ba;T-558b4d7cab63;T-280c6c1349e2,,
